EARLY_POWER_ESTIMATOR_FILE_FORMAT_VERSION,9
QUARTUS_II_VERSION,24.1.0 Build 115 03/21/2024 SC Pro Edition
PROJECT,"SummerResearchProject"
REVISION,"NonDPR"
PROJECT_FILE,"C:/Users/pchh520/Documents/GitHub/part-4-project/SummerResearch/quartus/SummerResearchProject.qpf"
TIME,"Thu Feb  5 16:11:02 2026"
TIME_SECONDS,"1770261062"
FAMILY,"Arria 10"
DEVICE,"10AS066"
PACKAGE,"FBGA"
PART,"10AS066N3F40E2SG"
POWER_THERMAL_SOLVER_MODE,"FIXED_TJ"
POWER_USE_DEVICE_CHARACTERISTICS,"TYPICAL"
POWER_AUTO_COMPUTE_TJ,"On"
POWER_TJ_VALUE,"25"
POWER_USE_CUSTOM_COOLING_SOLUTION,"Off"
POWER_HPS_PROC_FREQ,"0.0"
MIN_JUNCTION_TEMPERATURE,"0"
MAX_JUNCTION_TEMPERATURE,"100"
POWER_PRESET_COOLING_SOLUTION,"23 MM HEAT SINK WITH 200 LFPM AIRFLOW"
POWER_BOARD_THERMAL_MODEL,"NONE (CONSERVATIVE)"
POWER_USE_TA_VALUE,"-1.00"
POWER_BOARD_TEMPERATURE,"-1.00"
POWER_OJC_VALUE,"0.20"
POWER_OCS_VALUE,"0.10"
POWER_OSA_VALUE,"1.50"
POWER_OJB_VALUE,"-1.00"
VCCIO,,1J,0.00,1I,0.00,1H,0.00,1G,0.00,1F,0.00,1E,0.00,1D,0.00,1C,0.00,2L,1.80,2K,1.80,2J,1.80,2I,1.80,2H,0.00,2G,0.00,2F,0.00,2A,1.80,3H,1.80,3G,1.80,3F,1.80,3E,1.80,3D,1.80,3C,1.80,3B,1.80,3A,1.80,CSS,0.00,HPS,0.00,
RAIL_VOLTAGES,,VCCP,0.900,VCCPT,1.800,VCCA_PLL,1.800,VCC,0.900,VCCPGM,1.800,VCCBAT,1.800,VCCL_HPS,0.900,VCCIO_HPS,1.800,VCCIOREF_HPS,1.800,VCCPLL_HPS,1.800,VCCERAM,0.900,


BLOCK,I/O pad,I/O pad#avg_toggle_rate,0.000000,I/O pad#avg_toggle_rate_ratio,0.000000,I/O pad#drive_strength,Default,I/O pad#fmax,0.000000,I/O pad#input_termination,Off,I/O pad#io_mode,output,I/O pad#io_standard,1.8 V,I/O pad#is_ddr,0,I/O pad#output_ena_static_prob,1.000000,I/O pad#output_load,0,I/O pad#output_termination,Series 50 Ohm without Calibration,I/O pad#output_termination_sp,0.000000,I/O pad#pre_emphasis,-1,I/O pad#slew_rate,1,I/O pad#tile,IO_48_LVDS_TILE_EDGE,I/O pad#vod,-1,COUNT,"4"
BLOCK,I/O pad,I/O pad#avg_toggle_rate,0.000001,I/O pad#avg_toggle_rate_ratio,0.000000,I/O pad#drive_strength,Default,I/O pad#fmax,50.000000,I/O pad#input_termination,Off,I/O pad#io_mode,input,I/O pad#io_standard,1.8 V,I/O pad#is_ddr,0,I/O pad#output_ena_static_prob,0.000000,I/O pad#output_load,0,I/O pad#output_termination,Off,I/O pad#output_termination_sp,0.000000,I/O pad#pre_emphasis,-1,I/O pad#slew_rate,-1,I/O pad#tile,IO_48_LVDS_TILE_EDGE,I/O pad#vod,-1,COUNT,"1"
BLOCK,I/O pad,I/O pad#avg_toggle_rate,0.000001,I/O pad#avg_toggle_rate_ratio,0.000000,I/O pad#drive_strength,Default,I/O pad#fmax,50.000000,I/O pad#input_termination,Off,I/O pad#io_mode,output,I/O pad#io_standard,1.8 V,I/O pad#is_ddr,0,I/O pad#output_ena_static_prob,1.000000,I/O pad#output_load,0,I/O pad#output_termination,Series 50 Ohm without Calibration,I/O pad#output_termination_sp,0.000000,I/O pad#pre_emphasis,-1,I/O pad#slew_rate,1,I/O pad#tile,IO_48_LVDS_TILE_EDGE,I/O pad#vod,-1,COUNT,"1"
BLOCK,I/O pad,I/O pad#avg_toggle_rate,100.000000,I/O pad#avg_toggle_rate_ratio,2.000000,I/O pad#drive_strength,Default,I/O pad#fmax,50.000000,I/O pad#input_termination,Off,I/O pad#io_mode,input,I/O pad#io_standard,1.8 V,I/O pad#is_ddr,0,I/O pad#output_ena_static_prob,0.000000,I/O pad#output_load,0,I/O pad#output_termination,Off,I/O pad#output_termination_sp,0.000000,I/O pad#pre_emphasis,-1,I/O pad#slew_rate,-1,I/O pad#tile,IO_48_LVDS_TILE_EDGE,I/O pad#vod,-1,COUNT,"1"
BLOCK,I/O pad,I/O pad#avg_toggle_rate,6.250000,I/O pad#avg_toggle_rate_ratio,0.125000,I/O pad#drive_strength,Default,I/O pad#fmax,50.000000,I/O pad#input_termination,Off,I/O pad#io_mode,output,I/O pad#io_standard,1.8 V,I/O pad#is_ddr,0,I/O pad#output_ena_static_prob,1.000000,I/O pad#output_load,0,I/O pad#output_termination,Series 50 Ohm without Calibration,I/O pad#output_termination_sp,0.000000,I/O pad#pre_emphasis,-1,I/O pad#slew_rate,1,I/O pad#tile,IO_48_LVDS_TILE_HPS,I/O pad#vod,-1,COUNT,"3"
BLOCK,cc_dcm_io_m_1,count,262,gclk__ffthru[7]#count,262,gclk__ffthru[7]#fanout,572,gclk__ffthru[7]#power,0.003005,gclk__ffthru[7]#toggle_rate,100000000,power,0.003005,COUNT,"1"
BLOCK,full_alm,clock_rate,0,inputs,0,toggle_rate,0.000000,toggle_percentage,0.000000,routing,0.000000,COUNT,"16"
BLOCK,full_alm,clock_rate,0,inputs,1,toggle_rate,0.037037,toggle_percentage,0.000000,routing,0.000000,COUNT,"54"
BLOCK,full_alm,clock_rate,0,inputs,2,toggle_rate,0.260870,toggle_percentage,0.000000,routing,0.000000,COUNT,"46"
BLOCK,full_alm,clock_rate,0,inputs,3,toggle_rate,0.720000,toggle_percentage,0.000000,routing,0.000000,COUNT,"50"
BLOCK,full_alm,clock_rate,0,inputs,4,toggle_rate,0.722222,toggle_percentage,0.000000,routing,0.000000,COUNT,"36"
BLOCK,full_alm,clock_rate,0,inputs,5,toggle_rate,1.000000,toggle_percentage,0.000000,routing,0.000000,COUNT,"34"
BLOCK,full_alm,clock_rate,0,inputs,6,toggle_rate,1.000000,toggle_percentage,0.000000,routing,0.000000,COUNT,"67"
BLOCK,full_alm,clock_rate,0,inputs,7,toggle_rate,1.000000,toggle_percentage,0.000000,routing,0.000000,COUNT,"17"
BLOCK,full_alm,clock_rate,0,inputs,8,toggle_rate,1.000000,toggle_percentage,0.000000,routing,0.000000,COUNT,"13"
BLOCK,full_alm,clock_rate,50000000,inputs,1,toggle_rate,5623251.000000,toggle_percentage,0.112465,routing,0.000053,COUNT,"5"
BLOCK,full_alm,clock_rate,50000000,inputs,2,toggle_rate,4631072.000000,toggle_percentage,0.092621,routing,0.000392,COUNT,"25"
BLOCK,full_alm,clock_rate,50000000,inputs,3,toggle_rate,5719029.000000,toggle_percentage,0.114381,routing,0.000263,COUNT,"41"
BLOCK,full_alm,clock_rate,50000000,inputs,4,toggle_rate,2785224.500000,toggle_percentage,0.055704,routing,0.000200,COUNT,"34"
BLOCK,full_alm,clock_rate,50000000,inputs,5,toggle_rate,2303044.750000,toggle_percentage,0.046061,routing,0.000144,COUNT,"66"
BLOCK,full_alm,clock_rate,50000000,inputs,6,toggle_rate,777190.562500,toggle_percentage,0.015544,routing,0.000079,COUNT,"149"
BLOCK,full_alm,clock_rate,50000000,inputs,7,toggle_rate,2204421.750000,toggle_percentage,0.044088,routing,0.000293,COUNT,"27"
BLOCK,full_alm,clock_rate,50000000,inputs,8,toggle_rate,1403304.750000,toggle_percentage,0.028066,routing,0.000138,COUNT,"25"
BLOCK,io_gpio_reg,io_gpio_ereg#SP#oeb,0,io_gpio_ereg#mode,STATIC_MODE,io_gpio_in_dly_chn#a_rb_ireg_dlychn_sel,DLY_SETTING_0,io_gpio_oe_dly_chn#a_rb_ereg_dlychn_sel,OUTDLY_0,io_gpio_oreg#SP#fr_out_clk,0,io_gpio_oreg#TR#din,0,io_gpio_oreg#mode,COMBI_MODE,io_gpio_out_dly_chn#a_rb_oreg_dlychn_sel,OUTDLY_0,io_gpio_reg#mode,OUT_MODE,COUNT,"8"
BLOCK,io_gpio_reg,io_gpio_in_dly_chn#a_rb_ireg_dlychn_sel,DLY_SETTING_0,io_gpio_ireg#TR#fr_in_clk,0,io_gpio_ireg#TR#ireg_din0,0,io_gpio_ireg#mode,COMBI_MODE,io_gpio_oe_dly_chn#a_rb_ereg_dlychn_sel,OUTDLY_0,io_gpio_out_dly_chn#a_rb_oreg_dlychn_sel,OUTDLY_0,io_gpio_reg#mode,IN_MODE,COUNT,"3"
BLOCK,io_ioereg_pnr_x2,io_ioereg_pnr_x2#a_dpa_enable,DPA_DISABLED,io_ioereg_pnr_x2#a_power_down,POWER_OFF,io_ioereg_pnr_x2#a_power_down_0,POWER_OFF_0,io_ioereg_pnr_x2#a_power_down_1,POWER_OFF_1,io_ioereg_pnr_x2#a_power_down_2,POWER_OFF_2,io_ioereg_pnr_x2#a_sync_control,SYNC_ENABLED,COUNT,"96"
BLOCK,la_le_register,NLUTOUT#clock_rate,0,NREGOUT0#clock_rate,0,NREGOUT1#clock_rate,0,PKREGE#clock_rate,0,NREGOUT0#toggle_percentage,0.000000,NREGOUT1#toggle_rate,1.000000,NLUTOUT#toggle_percentage,0.000000,NREGOUT0#toggle_rate,1.000000,NLUTOUT#toggle_rate,520834.250000,NREGOUT1#toggle_percentage,0.000000,routing,0.000000,PKREGE#toggle_rate,520834.250000,PKREGE#toggle_percentage,0.000000,COUNT,"12"
BLOCK,la_le_register,NLUTOUT#clock_rate,0,NREGOUT0#clock_rate,0,NREGOUT1#clock_rate,50000000,PKREGE#clock_rate,0,NREGOUT0#toggle_percentage,0.000000,NREGOUT1#toggle_rate,6144064.000000,NLUTOUT#toggle_percentage,0.000000,NREGOUT0#toggle_rate,4276206.000000,NLUTOUT#toggle_rate,4382138.500000,NREGOUT1#toggle_percentage,0.122881,routing,0.001207,PKREGE#toggle_rate,4382138.500000,PKREGE#toggle_percentage,0.000000,COUNT,"59"
BLOCK,la_le_register,NLUTOUT#clock_rate,0,NREGOUT0#clock_rate,0,PKREGE#clock_rate,0,NREGOUT0#toggle_percentage,0.000000,NLUTOUT#toggle_percentage,0.000000,NREGOUT0#toggle_rate,0.979592,NLUTOUT#toggle_rate,42517.980469,routing,0.000000,PKREGE#toggle_rate,42517.980469,PKREGE#toggle_percentage,0.000000,COUNT,"147"
BLOCK,la_le_register,NLUTOUT#clock_rate,0,NREGOUT0#clock_rate,50000000,NREGOUT1#clock_rate,0,PKREGE#clock_rate,0,NREGOUT0#toggle_percentage,0.125000,NREGOUT1#toggle_rate,4485943.000000,NLUTOUT#toggle_percentage,0.000000,NREGOUT0#toggle_rate,6250000.000000,NLUTOUT#toggle_rate,4485943.000000,NREGOUT1#toggle_percentage,0.000000,routing,0.001229,PKREGE#toggle_rate,4485943.000000,PKREGE#toggle_percentage,0.000000,COUNT,"40"
BLOCK,la_le_register,NLUTOUT#clock_rate,0,NREGOUT0#clock_rate,50000000,NREGOUT1#clock_rate,50000000,PKREGE#clock_rate,0,NREGOUT0#toggle_percentage,0.122984,NREGOUT1#toggle_rate,6149189.000000,NLUTOUT#toggle_percentage,0.000000,NREGOUT0#toggle_rate,6149189.000000,NLUTOUT#toggle_rate,5055387.000000,NREGOUT1#toggle_percentage,0.122984,routing,0.001794,PKREGE#toggle_rate,5055387.000000,PKREGE#toggle_percentage,0.000000,COUNT,"62"
BLOCK,la_le_register,NLUTOUT#clock_rate,0,NREGOUT0#clock_rate,50000000,PKREGE#clock_rate,0,NREGOUT0#toggle_percentage,0.123684,NLUTOUT#toggle_percentage,0.000000,NREGOUT0#toggle_rate,6184198.500000,NLUTOUT#toggle_rate,2991494.750000,routing,0.000954,PKREGE#toggle_rate,2991494.750000,PKREGE#toggle_percentage,0.000000,COUNT,"190"
BLOCK,la_le_register,NREGOUT0#clock_rate,0,NREGOUT0#toggle_percentage,0.000000,NREGOUT0#toggle_rate,0.952941,routing,0.000000,COUNT,"85"
BLOCK,la_le_register,NREGOUT0#clock_rate,0,NREGOUT1#clock_rate,0,NREGOUT0#toggle_percentage,0.000000,NREGOUT1#toggle_rate,1.000000,NREGOUT0#toggle_rate,1.000000,NREGOUT1#toggle_percentage,0.000000,routing,0.000000,COUNT,"1"
BLOCK,la_le_register,NREGOUT0#clock_rate,50000000,NREGOUT0#toggle_percentage,0.117769,NREGOUT0#toggle_rate,5888420.500000,routing,0.001037,COUNT,"121"
BLOCK,la_le_register,NREGOUT0#clock_rate,50000000,NREGOUT1#clock_rate,50000000,NREGOUT0#toggle_percentage,0.083333,NREGOUT1#toggle_rate,4166666.750000,NREGOUT0#toggle_rate,4166666.750000,NREGOUT1#toggle_percentage,0.083333,routing,0.001326,COUNT,"6"
BLOCK,lab,clkmx[0]#toggle_rate,0,clkmx[1]#toggle_rate,0,lsima#toggle_rate,0,lsimd#toggle_rate,0,clkmx[1]#clock_power,0.000000,clkmx[1]#clock_energy#wpg,0.000000,lsimd#clock_power,0.000000,lsimd#clock_energy#wpg,0.000000,lsima#clock_energy#wpg,0.000000,clkmx[1]#clock_energy,0.000000,lsima#clock_power,0.000000,lsimd#clock_energy,0.116735,clkmx[0]#clock_energy#wpg,0.000000,lsima#clock_energy,0.108962,routing,0.000000,clkmx[0]#clock_power,0.000000,clkmx[0]#clock_energy,0.000000,COUNT,"25"
BLOCK,lab,clkmx[0]#toggle_rate,0,clkmx[1]#toggle_rate,0,lsima#toggle_rate,0,lsimd#toggle_rate,0,re#SP,100,we#SP,100,clkmx[1]#clock_power,0.000000,clkmx[1]#clock_energy#wpg,0.000000,lsimd#clock_power,0.000000,lsimd#clock_energy#wpg,0.000000,lsima#clock_energy#wpg,0.000000,clkmx[1]#clock_energy,0.000000,lsima#clock_power,0.000000,lsimd#clock_energy,0.247347,clkmx[0]#clock_energy#wpg,0.000000,lsima#clock_energy,0.000000,routing,0.000000,clkmx[0]#clock_power,0.000000,clkmx[0]#clock_energy,0.000000,COUNT,"3"
BLOCK,lab,clkmx[0]#toggle_rate,0,clkmx[1]#toggle_rate,0,lsima#toggle_rate,0,lsimd#toggle_rate,0,re#SP,50,we#SP,100,clkmx[1]#clock_power,0.000000,clkmx[1]#clock_energy#wpg,0.000000,lsimd#clock_power,0.000000,lsimd#clock_energy#wpg,0.000000,lsima#clock_energy#wpg,0.000000,clkmx[1]#clock_energy,0.000000,lsima#clock_power,0.000000,lsimd#clock_energy,0.000000,clkmx[0]#clock_energy#wpg,0.000000,lsima#clock_energy,0.227653,routing,0.000000,clkmx[0]#clock_power,0.000000,clkmx[0]#clock_energy,0.000000,COUNT,"3"
BLOCK,lab,clkmx[0]#toggle_rate,0,clkmx[1]#toggle_rate,0,lsima#toggle_rate,0,lsimd#toggle_rate,1,clkmx[1]#clock_power,0.000000,clkmx[1]#clock_energy#wpg,0.000000,lsimd#clock_power,0.000000,lsimd#clock_energy#wpg,0.000000,lsima#clock_energy#wpg,0.000000,clkmx[1]#clock_energy,0.000000,lsima#clock_power,0.000000,lsimd#clock_energy,0.065959,clkmx[0]#clock_energy#wpg,0.000000,lsima#clock_energy,0.151048,routing,0.000000,clkmx[0]#clock_power,0.000000,clkmx[0]#clock_energy,0.000000,COUNT,"5"
BLOCK,lab,clkmx[0]#toggle_rate,0,clkmx[1]#toggle_rate,100000000,lsima#toggle_rate,0,lsimd#toggle_rate,0,clkmx[1]#clock_power,0.012154,clkmx[1]#clock_energy#wpg,0.000000,lsimd#clock_power,0.000000,lsimd#clock_energy#wpg,0.000000,lsima#clock_energy#wpg,0.000000,clkmx[1]#clock_energy,0.121544,lsima#clock_power,0.000000,lsimd#clock_energy,0.000000,clkmx[0]#clock_energy#wpg,0.000000,lsima#clock_energy,0.124590,routing,0.000000,clkmx[0]#clock_power,0.000000,clkmx[0]#clock_energy,0.000000,COUNT,"2"
BLOCK,lab,clkmx[0]#toggle_rate,100000000,clkmx[1]#toggle_rate,0,lsima#toggle_rate,0,lsimd#toggle_rate,0,clkmx[1]#clock_power,0.000000,clkmx[1]#clock_energy#wpg,0.000000,lsimd#clock_power,0.000000,lsimd#clock_energy#wpg,0.000000,lsima#clock_energy#wpg,0.000000,clkmx[1]#clock_energy,0.000000,lsima#clock_power,0.000000,lsimd#clock_energy,0.109045,clkmx[0]#clock_energy#wpg,0.000000,lsima#clock_energy,0.000000,routing,0.000000,clkmx[0]#clock_power,0.011602,clkmx[0]#clock_energy,0.116015,COUNT,"31"
BLOCK,lab,clkmx[0]#toggle_rate,100000000,clkmx[1]#toggle_rate,0,lsima#toggle_rate,0,lsimd#toggle_rate,0,re#SP,100,we#SP,100,clkmx[1]#clock_power,0.000000,clkmx[1]#clock_energy#wpg,0.000000,lsimd#clock_power,0.000000,lsimd#clock_energy#wpg,0.000000,lsima#clock_energy#wpg,0.000000,clkmx[1]#clock_energy,0.000000,lsima#clock_power,0.000000,lsimd#clock_energy,0.134916,clkmx[0]#clock_energy#wpg,0.000000,lsima#clock_energy,0.000000,routing,0.000000,clkmx[0]#clock_power,0.013168,clkmx[0]#clock_energy,0.131680,COUNT,"11"
BLOCK,lab,clkmx[0]#toggle_rate,100000000,clkmx[1]#toggle_rate,0,lsima#toggle_rate,0,lsimd#toggle_rate,6250000,clkmx[1]#clock_power,0.000000,clkmx[1]#clock_energy#wpg,0.000000,lsimd#clock_power,0.000172,lsimd#clock_energy#wpg,0.000000,lsima#clock_energy#wpg,0.000000,clkmx[1]#clock_energy,0.000000,lsima#clock_power,0.000000,lsimd#clock_energy,0.027483,clkmx[0]#clock_energy#wpg,0.000000,lsima#clock_energy,0.000000,routing,0.000000,clkmx[0]#clock_power,0.008944,clkmx[0]#clock_energy,0.089441,COUNT,"3"
BLOCK,mm_m20k,mm_core_20k#m20k_a_data_width,A_X20_MODE,mm_core_20k#m20k_b_data_width,B_X20_MODE,mm_core_20k#m20k_ecc,ECC_OFF,mm_core_20k#m20k_true_dual_port,TRUE_DUAL_PORT,mm_m20k#output_tr,0.062500,port_a#clk_en_sp,0.500000,port_a#clk_freq,50.000000,port_a#read_en_sp,1.000000,port_a#write_en_sp,0.021484,port_b#clk_en_sp,0.500000,port_b#clk_freq,50.000000,port_b#read_en_sp,1.000000,port_b#write_en_sp,0.000000,COUNT,"2"
BLOCK,mm_m20k,mm_core_20k#m20k_a_data_width,A_X20_MODE,mm_core_20k#m20k_b_data_width,B_X20_MODE,mm_core_20k#m20k_ecc,ECC_OFF,mm_core_20k#m20k_true_dual_port,TRUE_DUAL_PORT,mm_m20k#output_tr,0.062500,port_a#clk_en_sp,0.500000,port_a#clk_freq,50.000000,port_a#read_en_sp,1.000000,port_a#write_en_sp,0.064201,port_b#clk_en_sp,0.500000,port_b#clk_freq,50.000000,port_b#read_en_sp,1.000000,port_b#write_en_sp,0.000000,COUNT,"2"
BLOCK,mm_m20k,mm_core_20k#m20k_a_data_width,A_X40_MODE,mm_core_20k#m20k_b_data_width,B_X40_MODE,mm_core_20k#m20k_ecc,ECC_OFF,mm_core_20k#m20k_true_dual_port,SIMPLE_DUAL_PORT,mm_m20k#output_tr,0.125000,port_a#clk_en_sp,1.000000,port_a#clk_freq,50.000000,port_a#read_en_sp,0.000000,port_a#write_en_sp,0.250000,port_b#clk_en_sp,1.000000,port_b#clk_freq,50.000000,port_b#read_en_sp,1.000000,port_b#write_en_sp,0.000000,COUNT,"1"
BLOCK,static,clock_leim#num_pdl,106,clock_leim_hs#num_pdl,76,dim#num_pdl,2299,dim_hs#num_pdl,1392,hssi_tile#hssi_0_0_VCCER,0,hssi_tile#hssi_0_1_VCCER,0,hssi_tile#hssi_0_2_VCCER,0,hssi_tile#hssi_0_3_VCCER,0,hssi_tile#hssi_0_4_VCCER,0,hssi_tile#hssi_0_5_VCCER,0,hssi_tile#hssi_0_6_VCCER,0,hssi_tile#hssi_0_7_VCCER,0,la_lab#num_hs,42,la_mlab#num_hs,10,leim#num_pdl,2133,leim_hs#num_pdl,1399,lim#num_pdl,1399,lim_hs#num_pdl,882,mm_m20k#num_hs,5,COUNT,"1"
