model,layer,layer_idx,tile,orig_m,orig_n,orig_k,m,n,k,config,sa_size,sparsity,orig_macs,eff_macs,mac_reduction,cycles,cpu_us,match,npu_us
alexnet,__module.features.10/aten::_convolution/Convolution,0,1,32,32,32,32,19,18,0,32,0.5518,65536,21888,0.666,67,41.1,TRUE,0.957142857
alexnet,__module.features.10/aten::_convolution/Convolution,0,2,32,32,32,32,17,18,0,32,0.5693,65536,19584,0.7012,65,105.9,TRUE,0.928571429
alexnet,__module.features.10/aten::_convolution/Convolution,0,3,32,32,32,32,12,18,0,32,0.6133,65536,13824,0.7891,60,83.8,TRUE,0.857142857
alexnet,__module.features.10/aten::_convolution/Convolution,0,4,32,32,32,32,17,18,0,32,0.5693,65536,19584,0.7012,65,39.8,TRUE,0.928571429
alexnet,__module.features.10/aten::_convolution/Convolution,0,5,32,32,32,32,21,18,0,32,0.5342,65536,24192,0.6309,69,63.1,TRUE,0.985714286
alexnet,__module.features.10/aten::_convolution/Convolution,0,6,32,32,32,32,20,18,0,32,0.543,65536,23040,0.6484,68,38.3,TRUE,0.971428571
alexnet,__module.features.10/aten::_convolution/Convolution,0,7,32,32,32,32,21,18,0,32,0.5342,65536,24192,0.6309,69,50,TRUE,0.985714286
alexnet,__module.features.10/aten::_convolution/Convolution,0,8,32,32,32,32,14,18,0,32,0.5957,65536,16128,0.7539,62,40.7,TRUE,0.885714286
alexnet,__module.features.10/aten::_convolution/Convolution,0,9,32,32,32,32,19,18,0,32,0.5518,65536,21888,0.666,67,53.6,TRUE,0.957142857
alexnet,__module.features.10/aten::_convolution/Convolution,0,10,32,32,32,32,17,18,0,32,0.5693,65536,19584,0.7012,65,87.7,TRUE,0.928571429
alexnet,__module.features.10/aten::_convolution/Convolution,0,11,32,32,32,32,12,18,0,32,0.6133,65536,13824,0.7891,60,39.4,TRUE,0.857142857
alexnet,__module.features.10/aten::_convolution/Convolution,0,12,32,32,32,32,17,18,0,32,0.5693,65536,19584,0.7012,65,39,TRUE,0.928571429
alexnet,__module.features.10/aten::_convolution/Convolution,0,13,32,32,32,32,21,18,0,32,0.5342,65536,24192,0.6309,69,50.9,TRUE,0.985714286
alexnet,__module.features.10/aten::_convolution/Convolution,0,14,32,32,32,32,20,18,0,32,0.543,65536,23040,0.6484,68,69.7,TRUE,0.971428571
alexnet,__module.features.10/aten::_convolution/Convolution,0,15,32,32,32,32,21,18,0,32,0.5342,65536,24192,0.6309,69,39.6,TRUE,0.985714286
alexnet,__module.features.10/aten::_convolution/Convolution,0,16,32,32,32,32,14,18,0,32,0.5957,65536,16128,0.7539,62,42.7,TRUE,0.885714286
alexnet,__module.features.10/aten::_convolution/Convolution,0,17,32,32,32,32,19,18,0,32,0.5518,65536,21888,0.666,67,176.4,TRUE,0.957142857
alexnet,__module.features.10/aten::_convolution/Convolution,0,18,32,32,32,32,17,18,0,32,0.5693,65536,19584,0.7012,65,56,TRUE,0.928571429
alexnet,__module.features.10/aten::_convolution/Convolution,0,19,32,32,32,32,12,18,0,32,0.6133,65536,13824,0.7891,60,94.5,TRUE,0.857142857
alexnet,__module.features.10/aten::_convolution/Convolution,0,20,32,32,32,32,17,18,0,32,0.5693,65536,19584,0.7012,65,38,TRUE,0.928571429
alexnet,__module.features.10/aten::_convolution/Convolution,0,21,32,32,32,32,21,18,0,32,0.5342,65536,24192,0.6309,69,112.8,TRUE,0.985714286
alexnet,__module.features.10/aten::_convolution/Convolution,0,22,32,32,32,32,20,18,0,32,0.543,65536,23040,0.6484,68,40,TRUE,0.971428571
alexnet,__module.features.10/aten::_convolution/Convolution,0,23,32,32,32,32,21,18,0,32,0.5342,65536,24192,0.6309,69,42.4,TRUE,0.985714286
alexnet,__module.features.10/aten::_convolution/Convolution,0,24,32,32,32,32,14,18,0,32,0.5957,65536,16128,0.7539,62,163.7,TRUE,0.885714286
alexnet,__module.features.10/aten::_convolution/Convolution,0,25,32,32,32,31,19,18,0,32,0.5605,65536,21204,0.6765,66,68.4,TRUE,0.942857143
alexnet,__module.features.10/aten::_convolution/Convolution,0,26,32,32,32,31,17,18,0,32,0.5781,65536,18972,0.7105,64,179.5,TRUE,0.914285714
alexnet,__module.features.10/aten::_convolution/Convolution,0,27,32,32,32,31,12,18,0,32,0.6221,65536,13392,0.7957,59,55.9,TRUE,0.842857143
alexnet,__module.features.10/aten::_convolution/Convolution,0,28,32,32,32,31,17,18,0,32,0.5781,65536,18972,0.7105,64,181,TRUE,0.914285714
alexnet,__module.features.10/aten::_convolution/Convolution,0,29,32,32,32,31,21,18,0,32,0.543,65536,23436,0.6424,68,39,TRUE,0.971428571
alexnet,__module.features.10/aten::_convolution/Convolution,0,30,32,32,32,31,20,18,0,32,0.5518,65536,22320,0.6594,67,39.9,TRUE,0.957142857
alexnet,__module.features.10/aten::_convolution/Convolution,0,31,32,32,32,31,21,18,0,32,0.543,65536,23436,0.6424,68,58.8,TRUE,0.971428571
alexnet,__module.features.10/aten::_convolution/Convolution,0,32,32,32,32,31,14,18,0,32,0.6045,65536,15624,0.7616,61,39.7,TRUE,0.871428571
alexnet,__module.features.10/aten::_convolution/Convolution,0,33,32,32,32,32,19,18,0,32,0.5518,65536,21888,0.666,67,39.7,TRUE,0.957142857
alexnet,__module.features.10/aten::_convolution/Convolution,0,34,32,32,32,32,17,18,0,32,0.5693,65536,19584,0.7012,65,40.5,TRUE,0.928571429
alexnet,__module.features.10/aten::_convolution/Convolution,0,35,32,32,32,32,12,18,0,32,0.6133,65536,13824,0.7891,60,55.3,TRUE,0.857142857
alexnet,__module.features.10/aten::_convolution/Convolution,0,36,32,32,32,32,17,18,0,32,0.5693,65536,19584,0.7012,65,38.5,TRUE,0.928571429
alexnet,__module.features.10/aten::_convolution/Convolution,0,37,32,32,32,32,21,18,0,32,0.5342,65536,24192,0.6309,69,40.2,TRUE,0.985714286
alexnet,__module.features.10/aten::_convolution/Convolution,0,38,32,32,32,32,20,18,0,32,0.543,65536,23040,0.6484,68,39.9,TRUE,0.971428571
alexnet,__module.features.10/aten::_convolution/Convolution,0,39,32,32,32,32,21,18,0,32,0.5342,65536,24192,0.6309,69,53.5,TRUE,0.985714286
alexnet,__module.features.10/aten::_convolution/Convolution,0,40,32,32,32,32,14,18,0,32,0.5957,65536,16128,0.7539,62,40.3,TRUE,0.885714286
alexnet,__module.features.10/aten::_convolution/Convolution,0,41,9,32,32,9,19,12,0,32,0.7439,18432,4104,0.7773,38,16.7,TRUE,0.542857143
alexnet,__module.features.10/aten::_convolution/Convolution,0,42,9,32,32,9,17,12,0,32,0.7622,18432,3672,0.8008,36,14.5,TRUE,0.514285714
alexnet,__module.features.10/aten::_convolution/Convolution,0,43,9,32,32,9,12,12,1,16,0.8079,18432,2592,0.8594,31,15.6,TRUE,0.442857143
alexnet,__module.features.10/aten::_convolution/Convolution,0,44,9,32,32,9,17,12,0,32,0.7622,18432,3672,0.8008,36,15.7,TRUE,0.514285714
alexnet,__module.features.10/aten::_convolution/Convolution,0,45,9,32,32,9,21,12,0,32,0.7256,18432,4536,0.7539,40,70.3,TRUE,0.571428571
alexnet,__module.features.10/aten::_convolution/Convolution,0,46,9,32,32,9,20,12,0,32,0.7348,18432,4320,0.7656,39,14.8,TRUE,0.557142857
alexnet,__module.features.10/aten::_convolution/Convolution,0,47,9,32,32,9,21,12,0,32,0.7256,18432,4536,0.7539,40,64.4,TRUE,0.571428571
alexnet,__module.features.10/aten::_convolution/Convolution,0,48,9,32,32,9,14,12,1,16,0.7896,18432,3024,0.8359,33,28,TRUE,0.471428571
alexnet,__module.features.8/aten::_convolution/Convolution,1,1,32,32,32,31,23,18,0,32,0.5254,65536,25668,0.6083,70,41.6,TRUE,1
alexnet,__module.features.8/aten::_convolution/Convolution,1,2,32,32,32,31,19,18,0,32,0.5605,65536,21204,0.6765,66,41,TRUE,0.942857143
alexnet,__module.features.8/aten::_convolution/Convolution,1,3,32,32,32,31,17,18,0,32,0.5781,65536,18972,0.7105,64,43.6,TRUE,0.914285714
alexnet,__module.features.8/aten::_convolution/Convolution,1,4,32,32,32,31,13,18,0,32,0.6133,65536,14508,0.7786,60,85.4,TRUE,0.857142857
alexnet,__module.features.8/aten::_convolution/Convolution,1,5,32,32,32,31,21,18,0,32,0.543,65536,23436,0.6424,68,90.9,TRUE,0.971428571
alexnet,__module.features.8/aten::_convolution/Convolution,1,6,32,32,32,31,17,18,0,32,0.5781,65536,18972,0.7105,64,42.2,TRUE,0.914285714
alexnet,__module.features.8/aten::_convolution/Convolution,1,7,32,32,32,31,18,18,0,32,0.5693,65536,20088,0.6935,65,112.2,TRUE,0.928571429
alexnet,__module.features.8/aten::_convolution/Convolution,1,8,32,32,32,31,13,18,0,32,0.6133,65536,14508,0.7786,60,127,TRUE,0.857142857
alexnet,__module.features.8/aten::_convolution/Convolution,1,9,32,32,32,24,23,18,0,32,0.5869,65536,19872,0.6968,63,76.6,TRUE,0.9
alexnet,__module.features.8/aten::_convolution/Convolution,1,10,32,32,32,24,19,18,0,32,0.6221,65536,16416,0.7495,59,43.8,TRUE,0.842857143
alexnet,__module.features.8/aten::_convolution/Convolution,1,11,32,32,32,24,17,18,0,32,0.6396,65536,14688,0.7759,57,162.6,TRUE,0.814285714
alexnet,__module.features.8/aten::_convolution/Convolution,1,12,32,32,32,24,13,18,0,32,0.6748,65536,11232,0.8286,53,40.9,TRUE,0.757142857
alexnet,__module.features.8/aten::_convolution/Convolution,1,13,32,32,32,24,21,18,0,32,0.6045,65536,18144,0.7231,61,41.2,TRUE,0.871428571
alexnet,__module.features.8/aten::_convolution/Convolution,1,14,32,32,32,24,17,18,0,32,0.6396,65536,14688,0.7759,57,41.2,TRUE,0.814285714
alexnet,__module.features.8/aten::_convolution/Convolution,1,15,32,32,32,24,18,18,0,32,0.6309,65536,15552,0.7627,58,78,TRUE,0.828571429
alexnet,__module.features.8/aten::_convolution/Convolution,1,16,32,32,32,24,13,18,0,32,0.6748,65536,11232,0.8286,53,40.6,TRUE,0.757142857
alexnet,__module.features.8/aten::_convolution/Convolution,1,17,32,32,32,24,23,18,0,32,0.5869,65536,19872,0.6968,63,159.9,TRUE,0.9
alexnet,__module.features.8/aten::_convolution/Convolution,1,18,32,32,32,24,19,18,0,32,0.6221,65536,16416,0.7495,59,38.7,TRUE,0.842857143
alexnet,__module.features.8/aten::_convolution/Convolution,1,19,32,32,32,24,17,18,0,32,0.6396,65536,14688,0.7759,57,45.3,TRUE,0.814285714
alexnet,__module.features.8/aten::_convolution/Convolution,1,20,32,32,32,24,13,18,0,32,0.6748,65536,11232,0.8286,53,50.3,TRUE,0.757142857
alexnet,__module.features.8/aten::_convolution/Convolution,1,21,32,32,32,24,21,18,0,32,0.6045,65536,18144,0.7231,61,69.4,TRUE,0.871428571
alexnet,__module.features.8/aten::_convolution/Convolution,1,22,32,32,32,24,17,18,0,32,0.6396,65536,14688,0.7759,57,47.8,TRUE,0.814285714
alexnet,__module.features.8/aten::_convolution/Convolution,1,23,32,32,32,24,18,18,0,32,0.6309,65536,15552,0.7627,58,156.8,TRUE,0.828571429
alexnet,__module.features.8/aten::_convolution/Convolution,1,24,32,32,32,24,13,18,0,32,0.6748,65536,11232,0.8286,53,177.6,TRUE,0.757142857
alexnet,__module.features.8/aten::_convolution/Convolution,1,25,32,32,32,29,23,18,0,32,0.543,65536,24012,0.6336,68,75.7,TRUE,0.971428571
alexnet,__module.features.8/aten::_convolution/Convolution,1,26,32,32,32,29,19,18,0,32,0.5781,65536,19836,0.6973,64,111.3,TRUE,0.914285714
alexnet,__module.features.8/aten::_convolution/Convolution,1,27,32,32,32,29,17,18,0,32,0.5957,65536,17748,0.7292,62,115.1,TRUE,0.885714286
alexnet,__module.features.8/aten::_convolution/Convolution,1,28,32,32,32,29,13,18,0,32,0.6309,65536,13572,0.7929,58,102.6,TRUE,0.828571429
alexnet,__module.features.8/aten::_convolution/Convolution,1,29,32,32,32,29,21,18,0,32,0.5605,65536,21924,0.6655,66,50.3,TRUE,0.942857143
alexnet,__module.features.8/aten::_convolution/Convolution,1,30,32,32,32,29,17,18,0,32,0.5957,65536,17748,0.7292,62,49.6,TRUE,0.885714286
alexnet,__module.features.8/aten::_convolution/Convolution,1,31,32,32,32,29,18,18,0,32,0.5869,65536,18792,0.7133,63,48.9,TRUE,0.9
alexnet,__module.features.8/aten::_convolution/Convolution,1,32,32,32,32,29,13,18,0,32,0.6309,65536,13572,0.7929,58,60.2,TRUE,0.828571429
alexnet,__module.features.8/aten::_convolution/Convolution,1,33,32,32,32,32,23,18,0,32,0.5166,65536,26496,0.5957,71,70.1,TRUE,1.014285714
alexnet,__module.features.8/aten::_convolution/Convolution,1,34,32,32,32,32,19,18,0,32,0.5518,65536,21888,0.666,67,41.2,TRUE,0.957142857
alexnet,__module.features.8/aten::_convolution/Convolution,1,35,32,32,32,32,17,18,0,32,0.5693,65536,19584,0.7012,65,139.7,TRUE,0.928571429
alexnet,__module.features.8/aten::_convolution/Convolution,1,36,32,32,32,32,13,18,0,32,0.6045,65536,14976,0.7715,61,113.2,TRUE,0.871428571
alexnet,__module.features.8/aten::_convolution/Convolution,1,37,32,32,32,32,21,18,0,32,0.5342,65536,24192,0.6309,69,45.9,TRUE,0.985714286
alexnet,__module.features.8/aten::_convolution/Convolution,1,38,32,32,32,32,17,18,0,32,0.5693,65536,19584,0.7012,65,50.1,TRUE,0.928571429
alexnet,__module.features.8/aten::_convolution/Convolution,1,39,32,32,32,32,18,18,0,32,0.5605,65536,20736,0.6836,66,47.7,TRUE,0.942857143
alexnet,__module.features.8/aten::_convolution/Convolution,1,40,32,32,32,32,13,18,0,32,0.6045,65536,14976,0.7715,61,50.1,TRUE,0.871428571
alexnet,__module.features.8/aten::_convolution/Convolution,1,41,9,32,32,9,23,9,0,32,0.7805,18432,3726,0.7979,39,54.7,TRUE,0.557142857
alexnet,__module.features.8/aten::_convolution/Convolution,1,42,9,32,32,9,19,9,0,32,0.8079,18432,3078,0.833,35,14.5,TRUE,0.5
alexnet,__module.features.8/aten::_convolution/Convolution,1,43,9,32,32,9,17,9,0,32,0.8216,18432,2754,0.8506,33,20.6,TRUE,0.471428571
alexnet,__module.features.8/aten::_convolution/Convolution,1,44,9,32,32,9,13,9,1,16,0.8491,18432,2106,0.8857,29,15.3,TRUE,0.414285714
alexnet,__module.features.8/aten::_convolution/Convolution,1,45,9,32,32,9,21,9,0,32,0.7942,18432,3402,0.8154,37,34,TRUE,0.528571429
alexnet,__module.features.8/aten::_convolution/Convolution,1,46,9,32,32,9,17,9,0,32,0.8216,18432,2754,0.8506,33,59.6,TRUE,0.471428571
alexnet,__module.features.8/aten::_convolution/Convolution,1,47,9,32,32,9,18,9,0,32,0.8148,18432,2916,0.8418,34,18,TRUE,0.485714286
alexnet,__module.features.8/aten::_convolution/Convolution,1,48,9,32,32,9,13,9,1,16,0.8491,18432,2106,0.8857,29,14.7,TRUE,0.414285714
alexnet,__module.features.6/aten::_convolution/Convolution,2,1,32,32,32,22,16,8,0,32,0.8516,65536,5632,0.9141,44,44.3,TRUE,0.628571429
alexnet,__module.features.6/aten::_convolution/Convolution,2,2,32,32,32,22,17,8,0,32,0.8477,65536,5984,0.9087,45,49.2,TRUE,0.642857143
alexnet,__module.features.6/aten::_convolution/Convolution,2,3,32,32,32,22,17,8,0,32,0.8477,65536,5984,0.9087,45,48.6,TRUE,0.642857143
alexnet,__module.features.6/aten::_convolution/Convolution,2,4,32,32,32,22,15,8,0,32,0.8555,65536,5280,0.9194,43,88.8,TRUE,0.614285714
alexnet,__module.features.6/aten::_convolution/Convolution,2,5,32,32,32,22,18,8,0,32,0.8438,65536,6336,0.9033,46,49.1,TRUE,0.657142857
alexnet,__module.features.6/aten::_convolution/Convolution,2,6,32,32,32,22,18,8,0,32,0.8438,65536,6336,0.9033,46,50.7,TRUE,0.657142857
alexnet,__module.features.6/aten::_convolution/Convolution,2,7,32,32,32,22,20,8,0,32,0.8359,65536,7040,0.8926,48,49.3,TRUE,0.685714286
alexnet,__module.features.6/aten::_convolution/Convolution,2,8,32,32,32,22,21,8,0,32,0.832,65536,7392,0.8872,49,47.9,TRUE,0.7
alexnet,__module.features.6/aten::_convolution/Convolution,2,9,32,32,32,22,17,8,0,32,0.8477,65536,5984,0.9087,45,160.7,TRUE,0.642857143
alexnet,__module.features.6/aten::_convolution/Convolution,2,10,32,32,32,22,19,8,0,32,0.8398,65536,6688,0.8979,47,40.2,TRUE,0.671428571
alexnet,__module.features.6/aten::_convolution/Convolution,2,11,32,32,32,22,20,8,0,32,0.8359,65536,7040,0.8926,48,60.1,TRUE,0.685714286
alexnet,__module.features.6/aten::_convolution/Convolution,2,12,32,32,32,22,13,8,0,32,0.8633,65536,4576,0.9302,41,48.5,TRUE,0.585714286
alexnet,__module.features.6/aten::_convolution/Convolution,2,13,32,32,32,28,16,9,0,32,0.8066,65536,8064,0.877,51,37.7,TRUE,0.728571429
alexnet,__module.features.6/aten::_convolution/Convolution,2,14,32,32,32,28,17,9,0,32,0.8022,65536,8568,0.8693,52,72.1,TRUE,0.742857143
alexnet,__module.features.6/aten::_convolution/Convolution,2,15,32,32,32,28,17,9,0,32,0.8022,65536,8568,0.8693,52,39.3,TRUE,0.742857143
alexnet,__module.features.6/aten::_convolution/Convolution,2,16,32,32,32,28,15,9,0,32,0.811,65536,7560,0.8846,50,52.9,TRUE,0.714285714
alexnet,__module.features.6/aten::_convolution/Convolution,2,17,32,32,32,28,18,9,0,32,0.7979,65536,9072,0.8616,53,70.1,TRUE,0.757142857
alexnet,__module.features.6/aten::_convolution/Convolution,2,18,32,32,32,28,18,9,0,32,0.7979,65536,9072,0.8616,53,121.2,TRUE,0.757142857
alexnet,__module.features.6/aten::_convolution/Convolution,2,19,32,32,32,28,20,9,0,32,0.7891,65536,10080,0.8462,55,48.5,TRUE,0.785714286
alexnet,__module.features.6/aten::_convolution/Convolution,2,20,32,32,32,28,21,9,0,32,0.7847,65536,10584,0.8385,56,49,TRUE,0.8
alexnet,__module.features.6/aten::_convolution/Convolution,2,21,32,32,32,28,17,9,0,32,0.8022,65536,8568,0.8693,52,107.5,TRUE,0.742857143
alexnet,__module.features.6/aten::_convolution/Convolution,2,22,32,32,32,28,19,9,0,32,0.7935,65536,9576,0.8539,54,111.4,TRUE,0.771428571
alexnet,__module.features.6/aten::_convolution/Convolution,2,23,32,32,32,28,20,9,0,32,0.7891,65536,10080,0.8462,55,123.8,TRUE,0.785714286
alexnet,__module.features.6/aten::_convolution/Convolution,2,24,32,32,32,28,13,9,0,32,0.8198,65536,6552,0.9,48,66.6,TRUE,0.685714286
alexnet,__module.features.6/aten::_convolution/Convolution,2,25,32,32,32,18,16,9,0,32,0.8506,65536,5184,0.9209,41,47,TRUE,0.585714286
alexnet,__module.features.6/aten::_convolution/Convolution,2,26,32,32,32,18,17,9,0,32,0.8462,65536,5508,0.916,42,60.9,TRUE,0.6
alexnet,__module.features.6/aten::_convolution/Convolution,2,27,32,32,32,18,17,9,0,32,0.8462,65536,5508,0.916,42,180.7,TRUE,0.6
alexnet,__module.features.6/aten::_convolution/Convolution,2,28,32,32,32,18,15,9,0,32,0.855,65536,4860,0.9258,40,176.3,TRUE,0.571428571
alexnet,__module.features.6/aten::_convolution/Convolution,2,29,32,32,32,18,18,9,0,32,0.8418,65536,5832,0.911,43,60.4,TRUE,0.614285714
alexnet,__module.features.6/aten::_convolution/Convolution,2,30,32,32,32,18,18,9,0,32,0.8418,65536,5832,0.911,43,50.2,TRUE,0.614285714
alexnet,__module.features.6/aten::_convolution/Convolution,2,31,32,32,32,18,20,9,0,32,0.833,65536,6480,0.9011,45,45.1,TRUE,0.642857143
alexnet,__module.features.6/aten::_convolution/Convolution,2,32,32,32,32,18,21,9,0,32,0.8286,65536,6804,0.8962,46,41.2,TRUE,0.657142857
alexnet,__module.features.6/aten::_convolution/Convolution,2,33,32,32,32,18,17,9,0,32,0.8462,65536,5508,0.916,42,144.4,TRUE,0.6
alexnet,__module.features.6/aten::_convolution/Convolution,2,34,32,32,32,18,19,9,0,32,0.8374,65536,6156,0.9061,44,39.7,TRUE,0.628571429
alexnet,__module.features.6/aten::_convolution/Convolution,2,35,32,32,32,18,20,9,0,32,0.833,65536,6480,0.9011,45,60.1,TRUE,0.642857143
alexnet,__module.features.6/aten::_convolution/Convolution,2,36,32,32,32,18,13,9,0,32,0.8638,65536,4212,0.9357,38,162.2,TRUE,0.542857143
alexnet,__module.features.6/aten::_convolution/Convolution,2,37,32,32,32,10,16,6,1,16,0.9238,65536,1920,0.9707,30,70.8,TRUE,0.428571429
alexnet,__module.features.6/aten::_convolution/Convolution,2,38,32,32,32,10,17,6,0,32,0.9209,65536,2040,0.9689,31,48.8,TRUE,0.442857143
alexnet,__module.features.6/aten::_convolution/Convolution,2,39,32,32,32,10,17,6,0,32,0.9209,65536,2040,0.9689,31,48.2,TRUE,0.442857143
alexnet,__module.features.6/aten::_convolution/Convolution,2,40,32,32,32,10,15,6,1,16,0.9268,65536,1800,0.9725,29,48.6,TRUE,0.414285714
alexnet,__module.features.6/aten::_convolution/Convolution,2,41,32,32,32,10,18,6,0,32,0.918,65536,2160,0.967,32,57.2,TRUE,0.457142857
alexnet,__module.features.6/aten::_convolution/Convolution,2,42,32,32,32,10,18,6,0,32,0.918,65536,2160,0.967,32,39.6,TRUE,0.457142857
alexnet,__module.features.6/aten::_convolution/Convolution,2,43,32,32,32,10,20,6,0,32,0.9121,65536,2400,0.9634,34,220.4,TRUE,0.485714286
alexnet,__module.features.6/aten::_convolution/Convolution,2,44,32,32,32,10,21,6,0,32,0.9092,65536,2520,0.9615,35,86.2,TRUE,0.5
alexnet,__module.features.6/aten::_convolution/Convolution,2,45,32,32,32,10,17,6,0,32,0.9209,65536,2040,0.9689,31,45.9,TRUE,0.442857143
alexnet,__module.features.6/aten::_convolution/Convolution,2,46,32,32,32,10,19,6,0,32,0.915,65536,2280,0.9652,33,40.1,TRUE,0.471428571
alexnet,__module.features.6/aten::_convolution/Convolution,2,47,32,32,32,10,20,6,0,32,0.9121,65536,2400,0.9634,34,124.9,TRUE,0.485714286
alexnet,__module.features.6/aten::_convolution/Convolution,2,48,32,32,32,10,13,6,1,16,0.9326,65536,1560,0.9762,27,82.7,TRUE,0.385714286
alexnet,__module.features.6/aten::_convolution/Convolution,2,49,32,32,32,22,16,9,0,32,0.833,65536,6336,0.9033,45,76.1,TRUE,0.642857143
alexnet,__module.features.6/aten::_convolution/Convolution,2,50,32,32,32,22,17,9,0,32,0.8286,65536,6732,0.8973,46,84.2,TRUE,0.657142857
alexnet,__module.features.6/aten::_convolution/Convolution,2,51,32,32,32,22,17,9,0,32,0.8286,65536,6732,0.8973,46,49.8,TRUE,0.657142857
alexnet,__module.features.6/aten::_convolution/Convolution,2,52,32,32,32,22,15,9,0,32,0.8374,65536,5940,0.9094,44,48.9,TRUE,0.628571429
alexnet,__module.features.6/aten::_convolution/Convolution,2,53,32,32,32,22,18,9,0,32,0.8242,65536,7128,0.8912,47,63.7,TRUE,0.671428571
alexnet,__module.features.6/aten::_convolution/Convolution,2,54,32,32,32,22,18,9,0,32,0.8242,65536,7128,0.8912,47,38.8,TRUE,0.671428571
alexnet,__module.features.6/aten::_convolution/Convolution,2,55,32,32,32,22,20,9,0,32,0.8154,65536,7920,0.8792,49,198.7,TRUE,0.7
alexnet,__module.features.6/aten::_convolution/Convolution,2,56,32,32,32,22,21,9,0,32,0.811,65536,8316,0.8731,50,39.6,TRUE,0.714285714
alexnet,__module.features.6/aten::_convolution/Convolution,2,57,32,32,32,22,17,9,0,32,0.8286,65536,6732,0.8973,46,49.6,TRUE,0.657142857
alexnet,__module.features.6/aten::_convolution/Convolution,2,58,32,32,32,22,19,9,0,32,0.8198,65536,7524,0.8852,48,45.3,TRUE,0.685714286
alexnet,__module.features.6/aten::_convolution/Convolution,2,59,32,32,32,22,20,9,0,32,0.8154,65536,7920,0.8792,49,38.4,TRUE,0.7
alexnet,__module.features.6/aten::_convolution/Convolution,2,60,32,32,32,22,13,9,0,32,0.8462,65536,5148,0.9214,42,54.5,TRUE,0.6
alexnet,__module.features.6/aten::_convolution/Convolution,2,61,9,32,32,9,16,3,1,16,0.9428,18432,864,0.9531,26,18.7,TRUE,0.371428571
alexnet,__module.features.6/aten::_convolution/Convolution,2,62,9,32,32,9,17,3,0,32,0.9405,18432,918,0.9502,27,19.7,TRUE,0.385714286
alexnet,__module.features.6/aten::_convolution/Convolution,2,63,9,32,32,9,17,3,0,32,0.9405,18432,918,0.9502,27,63.4,TRUE,0.385714286
alexnet,__module.features.6/aten::_convolution/Convolution,2,64,9,32,32,9,15,3,1,16,0.9451,18432,810,0.9561,25,19.9,TRUE,0.357142857
alexnet,__module.features.6/aten::_convolution/Convolution,2,65,9,32,32,9,18,3,0,32,0.9383,18432,972,0.9473,28,20.3,TRUE,0.4
alexnet,__module.features.6/aten::_convolution/Convolution,2,66,9,32,32,9,18,3,0,32,0.9383,18432,972,0.9473,28,19.9,TRUE,0.4
alexnet,__module.features.6/aten::_convolution/Convolution,2,67,9,32,32,9,20,3,0,32,0.9337,18432,1080,0.9414,30,70.1,TRUE,0.428571429
alexnet,__module.features.6/aten::_convolution/Convolution,2,68,9,32,32,9,21,3,0,32,0.9314,18432,1134,0.9385,31,23.7,TRUE,0.442857143
alexnet,__module.features.6/aten::_convolution/Convolution,2,69,9,32,32,9,17,3,0,32,0.9405,18432,918,0.9502,27,21.4,TRUE,0.385714286
alexnet,__module.features.6/aten::_convolution/Convolution,2,70,9,32,32,9,19,3,0,32,0.936,18432,1026,0.9443,29,46,TRUE,0.414285714
alexnet,__module.features.6/aten::_convolution/Convolution,2,71,9,32,32,9,20,3,0,32,0.9337,18432,1080,0.9414,30,44.7,TRUE,0.428571429
alexnet,__module.features.6/aten::_convolution/Convolution,2,72,9,32,32,9,13,3,1,16,0.9497,18432,702,0.9619,23,36,TRUE,0.328571429
alexnet,__module.features.3/aten::_convolution/Convolution,3,1,32,32,32,23,18,19,0,32,0.6196,65536,15732,0.7599,58,50.5,TRUE,0.828571429
alexnet,__module.features.3/aten::_convolution/Convolution,3,2,32,32,32,23,18,19,0,32,0.6196,65536,15732,0.7599,58,57.6,TRUE,0.828571429
alexnet,__module.features.3/aten::_convolution/Convolution,3,3,32,32,32,23,22,19,0,32,0.5825,65536,19228,0.7066,62,55.9,TRUE,0.885714286
alexnet,__module.features.3/aten::_convolution/Convolution,3,4,32,32,32,23,13,19,0,32,0.666,65536,11362,0.8266,53,40.8,TRUE,0.757142857
alexnet,__module.features.3/aten::_convolution/Convolution,3,5,32,32,32,23,18,19,0,32,0.6196,65536,15732,0.7599,58,88.4,TRUE,0.828571429
alexnet,__module.features.3/aten::_convolution/Convolution,3,6,32,32,32,23,17,19,0,32,0.6289,65536,14858,0.7733,57,180,TRUE,0.814285714
alexnet,__module.features.3/aten::_convolution/Convolution,3,7,32,32,32,28,18,25,0,32,0.4385,65536,25200,0.6155,69,84,TRUE,0.985714286
alexnet,__module.features.3/aten::_convolution/Convolution,3,8,32,32,32,28,18,25,0,32,0.4385,65536,25200,0.6155,69,48.7,TRUE,0.985714286
alexnet,__module.features.3/aten::_convolution/Convolution,3,9,32,32,32,28,22,25,0,32,0.3896,65536,30800,0.53,73,45.2,TRUE,1.042857143
alexnet,__module.features.3/aten::_convolution/Convolution,3,10,32,32,32,28,13,25,0,32,0.4995,65536,18200,0.7223,64,105.6,TRUE,0.914285714
alexnet,__module.features.3/aten::_convolution/Convolution,3,11,32,32,32,28,18,25,0,32,0.4385,65536,25200,0.6155,69,67.1,TRUE,0.985714286
alexnet,__module.features.3/aten::_convolution/Convolution,3,12,32,32,32,28,17,25,0,32,0.4507,65536,23800,0.6368,68,52.7,TRUE,0.971428571
alexnet,__module.features.3/aten::_convolution/Convolution,3,13,32,32,32,31,18,20,0,32,0.5215,65536,22320,0.6594,67,53.3,TRUE,0.957142857
alexnet,__module.features.3/aten::_convolution/Convolution,3,14,32,32,32,31,18,20,0,32,0.5215,65536,22320,0.6594,67,48.6,TRUE,0.957142857
alexnet,__module.features.3/aten::_convolution/Convolution,3,15,32,32,32,31,22,20,0,32,0.4824,65536,27280,0.5837,71,42.8,TRUE,1.014285714
alexnet,__module.features.3/aten::_convolution/Convolution,3,16,32,32,32,31,13,20,0,32,0.5703,65536,16120,0.754,62,47.9,TRUE,0.885714286
alexnet,__module.features.3/aten::_convolution/Convolution,3,17,32,32,32,31,18,20,0,32,0.5215,65536,22320,0.6594,67,339.7,TRUE,0.957142857
alexnet,__module.features.3/aten::_convolution/Convolution,3,18,32,32,32,31,17,20,0,32,0.5312,65536,21080,0.6783,66,125.5,TRUE,0.942857143
alexnet,__module.features.3/aten::_convolution/Convolution,3,19,32,32,32,29,18,15,0,32,0.6558,65536,15660,0.761,60,174.7,TRUE,0.857142857
alexnet,__module.features.3/aten::_convolution/Convolution,3,20,32,32,32,29,18,15,0,32,0.6558,65536,15660,0.761,60,49.5,TRUE,0.857142857
alexnet,__module.features.3/aten::_convolution/Convolution,3,21,32,32,32,29,22,15,0,32,0.6265,65536,19140,0.7079,64,49,TRUE,0.914285714
alexnet,__module.features.3/aten::_convolution/Convolution,3,22,32,32,32,29,13,15,0,32,0.6924,65536,11310,0.8274,55,99.9,TRUE,0.785714286
alexnet,__module.features.3/aten::_convolution/Convolution,3,23,32,32,32,29,18,15,0,32,0.6558,65536,15660,0.761,60,176.7,TRUE,0.857142857
alexnet,__module.features.3/aten::_convolution/Convolution,3,24,32,32,32,29,17,15,0,32,0.6631,65536,14790,0.7743,59,48.2,TRUE,0.842857143
alexnet,__module.features.3/aten::_convolution/Convolution,3,25,32,32,32,29,18,14,0,32,0.6787,65536,14616,0.777,59,49,TRUE,0.842857143
alexnet,__module.features.3/aten::_convolution/Convolution,3,26,32,32,32,29,18,14,0,32,0.6787,65536,14616,0.777,59,49.3,TRUE,0.842857143
alexnet,__module.features.3/aten::_convolution/Convolution,3,27,32,32,32,29,22,14,0,32,0.6514,65536,17864,0.7274,63,47.6,TRUE,0.9
alexnet,__module.features.3/aten::_convolution/Convolution,3,28,32,32,32,29,13,14,0,32,0.7129,65536,10556,0.8389,54,48,TRUE,0.771428571
alexnet,__module.features.3/aten::_convolution/Convolution,3,29,32,32,32,29,18,14,0,32,0.6787,65536,14616,0.777,59,50.9,TRUE,0.842857143
alexnet,__module.features.3/aten::_convolution/Convolution,3,30,32,32,32,29,17,14,0,32,0.6855,65536,13804,0.7894,58,57.4,TRUE,0.828571429
alexnet,__module.features.3/aten::_convolution/Convolution,3,31,32,32,32,32,18,18,0,32,0.5605,65536,20736,0.6836,66,38.4,TRUE,0.942857143
alexnet,__module.features.3/aten::_convolution/Convolution,3,32,32,32,32,32,18,18,0,32,0.5605,65536,20736,0.6836,66,39.1,TRUE,0.942857143
alexnet,__module.features.3/aten::_convolution/Convolution,3,33,32,32,32,32,22,18,0,32,0.5254,65536,25344,0.6133,70,49,TRUE,1
alexnet,__module.features.3/aten::_convolution/Convolution,3,34,32,32,32,32,13,18,0,32,0.6045,65536,14976,0.7715,61,38.3,TRUE,0.871428571
alexnet,__module.features.3/aten::_convolution/Convolution,3,35,32,32,32,32,18,18,0,32,0.5605,65536,20736,0.6836,66,48.4,TRUE,0.942857143
alexnet,__module.features.3/aten::_convolution/Convolution,3,36,32,32,32,32,17,18,0,32,0.5693,65536,19584,0.7012,65,49,TRUE,0.928571429
alexnet,__module.features.3/aten::_convolution/Convolution,3,37,32,32,32,31,18,23,0,32,0.4497,65536,25668,0.6083,70,49.1,TRUE,1
alexnet,__module.features.3/aten::_convolution/Convolution,3,38,32,32,32,31,18,23,0,32,0.4497,65536,25668,0.6083,70,48.4,TRUE,1
alexnet,__module.features.3/aten::_convolution/Convolution,3,39,32,32,32,31,22,23,0,32,0.4048,65536,31372,0.5213,74,39.9,TRUE,1.057142857
alexnet,__module.features.3/aten::_convolution/Convolution,3,40,32,32,32,31,13,23,0,32,0.5059,65536,18538,0.7171,65,45.9,TRUE,0.928571429
alexnet,__module.features.3/aten::_convolution/Convolution,3,41,32,32,32,31,18,23,0,32,0.4497,65536,25668,0.6083,70,49,TRUE,1
alexnet,__module.features.3/aten::_convolution/Convolution,3,42,32,32,32,31,17,23,0,32,0.4609,65536,24242,0.6301,69,48.3,TRUE,0.985714286
alexnet,__module.features.3/aten::_convolution/Convolution,3,43,32,32,32,32,18,28,0,32,0.3164,65536,32256,0.5078,76,157.4,TRUE,1.085714286
alexnet,__module.features.3/aten::_convolution/Convolution,3,44,32,32,32,32,18,28,0,32,0.3164,65536,32256,0.5078,76,48.3,TRUE,1.085714286
alexnet,__module.features.3/aten::_convolution/Convolution,3,45,32,32,32,32,22,28,0,32,0.2617,65536,39424,0.3984,80,49.7,TRUE,1.142857143
alexnet,__module.features.3/aten::_convolution/Convolution,3,46,32,32,32,32,13,28,0,32,0.3848,65536,23296,0.6445,71,54.4,TRUE,1.014285714
alexnet,__module.features.3/aten::_convolution/Convolution,3,47,32,32,32,32,18,28,0,32,0.3164,65536,32256,0.5078,76,46,TRUE,1.085714286
alexnet,__module.features.3/aten::_convolution/Convolution,3,48,32,32,32,32,17,28,0,32,0.3301,65536,30464,0.5352,75,40,TRUE,1.071428571
alexnet,__module.features.3/aten::_convolution/Convolution,3,49,32,32,32,32,18,32,0,32,0.2188,65536,36864,0.4375,80,44.7,TRUE,1.142857143
alexnet,__module.features.3/aten::_convolution/Convolution,3,50,32,32,32,32,18,32,0,32,0.2188,65536,36864,0.4375,80,45.4,TRUE,1.142857143
alexnet,__module.features.3/aten::_convolution/Convolution,3,51,32,32,32,32,22,32,0,32,0.1562,65536,45056,0.3125,84,48.2,TRUE,1.2
alexnet,__module.features.3/aten::_convolution/Convolution,3,52,32,32,32,32,13,32,0,32,0.2969,65536,26624,0.5938,75,46.3,TRUE,1.071428571
alexnet,__module.features.3/aten::_convolution/Convolution,3,53,32,32,32,32,18,32,0,32,0.2188,65536,36864,0.4375,80,48.6,TRUE,1.142857143
alexnet,__module.features.3/aten::_convolution/Convolution,3,54,32,32,32,32,17,32,0,32,0.2344,65536,34816,0.4688,79,50,TRUE,1.128571429
alexnet,__module.features.3/aten::_convolution/Convolution,3,55,32,32,32,28,18,27,0,32,0.3936,65536,27216,0.5847,71,83.3,TRUE,1.014285714
alexnet,__module.features.3/aten::_convolution/Convolution,3,56,32,32,32,28,18,27,0,32,0.3936,65536,27216,0.5847,71,49.6,TRUE,1.014285714
alexnet,__module.features.3/aten::_convolution/Convolution,3,57,32,32,32,28,22,27,0,32,0.3408,65536,33264,0.4924,75,128.2,TRUE,1.071428571
alexnet,__module.features.3/aten::_convolution/Convolution,3,58,32,32,32,28,13,27,0,32,0.4595,65536,19656,0.7001,66,73.8,TRUE,0.942857143
alexnet,__module.features.3/aten::_convolution/Convolution,3,59,32,32,32,28,18,27,0,32,0.3936,65536,27216,0.5847,71,50,TRUE,1.014285714
alexnet,__module.features.3/aten::_convolution/Convolution,3,60,32,32,32,28,17,27,0,32,0.4067,65536,25704,0.6078,70,48,TRUE,1
alexnet,__module.features.3/aten::_convolution/Convolution,3,61,32,32,32,30,18,20,0,32,0.5312,65536,21600,0.6704,66,56.6,TRUE,0.942857143
alexnet,__module.features.3/aten::_convolution/Convolution,3,62,32,32,32,30,18,20,0,32,0.5312,65536,21600,0.6704,66,53.2,TRUE,0.942857143
alexnet,__module.features.3/aten::_convolution/Convolution,3,63,32,32,32,30,22,20,0,32,0.4922,65536,26400,0.5972,70,47.8,TRUE,1
alexnet,__module.features.3/aten::_convolution/Convolution,3,64,32,32,32,30,13,20,0,32,0.5801,65536,15600,0.762,61,69.3,TRUE,0.871428571
alexnet,__module.features.3/aten::_convolution/Convolution,3,65,32,32,32,30,18,20,0,32,0.5312,65536,21600,0.6704,66,50,TRUE,0.942857143
alexnet,__module.features.3/aten::_convolution/Convolution,3,66,32,32,32,30,17,20,0,32,0.541,65536,20400,0.6887,65,331.5,TRUE,0.928571429
alexnet,__module.features.3/aten::_convolution/Convolution,3,67,32,32,32,28,18,15,0,32,0.6631,65536,15120,0.7693,59,49.2,TRUE,0.842857143
alexnet,__module.features.3/aten::_convolution/Convolution,3,68,32,32,32,28,18,15,0,32,0.6631,65536,15120,0.7693,59,55.8,TRUE,0.842857143
alexnet,__module.features.3/aten::_convolution/Convolution,3,69,32,32,32,28,22,15,0,32,0.6338,65536,18480,0.718,63,82.3,TRUE,0.9
alexnet,__module.features.3/aten::_convolution/Convolution,3,70,32,32,32,28,13,15,0,32,0.6997,65536,10920,0.8334,54,48.4,TRUE,0.771428571
alexnet,__module.features.3/aten::_convolution/Convolution,3,71,32,32,32,28,18,15,0,32,0.6631,65536,15120,0.7693,59,237.4,TRUE,0.842857143
alexnet,__module.features.3/aten::_convolution/Convolution,3,72,32,32,32,28,17,15,0,32,0.6704,65536,14280,0.7821,58,49.2,TRUE,0.828571429
alexnet,__module.features.3/aten::_convolution/Convolution,3,73,32,32,32,32,18,17,0,32,0.585,65536,19584,0.7012,65,135.1,TRUE,0.928571429
alexnet,__module.features.3/aten::_convolution/Convolution,3,74,32,32,32,32,18,17,0,32,0.585,65536,19584,0.7012,65,39.3,TRUE,0.928571429
alexnet,__module.features.3/aten::_convolution/Convolution,3,75,32,32,32,32,22,17,0,32,0.5518,65536,23936,0.6348,69,45.2,TRUE,0.985714286
alexnet,__module.features.3/aten::_convolution/Convolution,3,76,32,32,32,32,13,17,0,32,0.6265,65536,14144,0.7842,60,163.7,TRUE,0.857142857
alexnet,__module.features.3/aten::_convolution/Convolution,3,77,32,32,32,32,18,17,0,32,0.585,65536,19584,0.7012,65,49.4,TRUE,0.928571429
alexnet,__module.features.3/aten::_convolution/Convolution,3,78,32,32,32,32,17,17,0,32,0.5933,65536,18496,0.7178,64,86.2,TRUE,0.914285714
alexnet,__module.features.3/aten::_convolution/Convolution,3,79,32,32,32,31,18,18,0,32,0.5693,65536,20088,0.6935,65,42.6,TRUE,0.928571429
alexnet,__module.features.3/aten::_convolution/Convolution,3,80,32,32,32,31,18,18,0,32,0.5693,65536,20088,0.6935,65,49,TRUE,0.928571429
alexnet,__module.features.3/aten::_convolution/Convolution,3,81,32,32,32,31,22,18,0,32,0.5342,65536,24552,0.6254,69,50.4,TRUE,0.985714286
alexnet,__module.features.3/aten::_convolution/Convolution,3,82,32,32,32,31,13,18,0,32,0.6133,65536,14508,0.7786,60,50,TRUE,0.857142857
alexnet,__module.features.3/aten::_convolution/Convolution,3,83,32,32,32,31,18,18,0,32,0.5693,65536,20088,0.6935,65,49.5,TRUE,0.928571429
alexnet,__module.features.3/aten::_convolution/Convolution,3,84,32,32,32,31,17,18,0,32,0.5781,65536,18972,0.7105,64,115.3,TRUE,0.914285714
alexnet,__module.features.3/aten::_convolution/Convolution,3,85,32,32,32,30,18,23,0,32,0.4609,65536,24840,0.621,69,44.6,TRUE,0.985714286
alexnet,__module.features.3/aten::_convolution/Convolution,3,86,32,32,32,30,18,23,0,32,0.4609,65536,24840,0.621,69,137.3,TRUE,0.985714286
alexnet,__module.features.3/aten::_convolution/Convolution,3,87,32,32,32,30,22,23,0,32,0.416,65536,30360,0.5367,73,61.1,TRUE,1.042857143
alexnet,__module.features.3/aten::_convolution/Convolution,3,88,32,32,32,30,13,23,0,32,0.5171,65536,17940,0.7263,64,47.4,TRUE,0.914285714
alexnet,__module.features.3/aten::_convolution/Convolution,3,89,32,32,32,30,18,23,0,32,0.4609,65536,24840,0.621,69,54.8,TRUE,0.985714286
alexnet,__module.features.3/aten::_convolution/Convolution,3,90,32,32,32,30,17,23,0,32,0.4722,65536,23460,0.642,68,62,TRUE,0.971428571
alexnet,__module.features.3/aten::_convolution/Convolution,3,91,32,32,32,29,18,25,0,32,0.4263,65536,26100,0.6017,70,47.4,TRUE,1
alexnet,__module.features.3/aten::_convolution/Convolution,3,92,32,32,32,29,18,25,0,32,0.4263,65536,26100,0.6017,70,48.1,TRUE,1
alexnet,__module.features.3/aten::_convolution/Convolution,3,93,32,32,32,29,22,25,0,32,0.3774,65536,31900,0.5132,74,48.2,TRUE,1.057142857
alexnet,__module.features.3/aten::_convolution/Convolution,3,94,32,32,32,29,13,25,0,32,0.4873,65536,18850,0.7124,65,52.1,TRUE,0.928571429
alexnet,__module.features.3/aten::_convolution/Convolution,3,95,32,32,32,29,18,25,0,32,0.4263,65536,26100,0.6017,70,71.8,TRUE,1
alexnet,__module.features.3/aten::_convolution/Convolution,3,96,32,32,32,29,17,25,0,32,0.4385,65536,24650,0.6239,69,141.4,TRUE,0.985714286
alexnet,__module.features.3/aten::_convolution/Convolution,3,97,32,32,32,26,18,21,0,32,0.5488,65536,19656,0.7001,63,45.2,TRUE,0.9
alexnet,__module.features.3/aten::_convolution/Convolution,3,98,32,32,32,26,18,21,0,32,0.5488,65536,19656,0.7001,63,48.9,TRUE,0.9
alexnet,__module.features.3/aten::_convolution/Convolution,3,99,32,32,32,26,22,21,0,32,0.5078,65536,24024,0.6334,67,78.9,TRUE,0.957142857
alexnet,__module.features.3/aten::_convolution/Convolution,3,100,32,32,32,26,13,21,0,32,0.6001,65536,14196,0.7834,58,139.9,TRUE,0.828571429
alexnet,__module.features.3/aten::_convolution/Convolution,3,101,32,32,32,26,18,21,0,32,0.5488,65536,19656,0.7001,63,75.4,TRUE,0.9
alexnet,__module.features.3/aten::_convolution/Convolution,3,102,32,32,32,26,17,21,0,32,0.5591,65536,18564,0.7167,62,49.8,TRUE,0.885714286
alexnet,__module.features.3/aten::_convolution/Convolution,3,103,32,32,32,29,18,16,0,32,0.6328,65536,16704,0.7451,61,62.8,TRUE,0.871428571
alexnet,__module.features.3/aten::_convolution/Convolution,3,104,32,32,32,29,18,16,0,32,0.6328,65536,16704,0.7451,61,162,TRUE,0.871428571
alexnet,__module.features.3/aten::_convolution/Convolution,3,105,32,32,32,29,22,16,0,32,0.6016,65536,20416,0.6885,65,39.6,TRUE,0.928571429
alexnet,__module.features.3/aten::_convolution/Convolution,3,106,32,32,32,29,13,16,0,32,0.6719,65536,12064,0.8159,56,45.5,TRUE,0.8
alexnet,__module.features.3/aten::_convolution/Convolution,3,107,32,32,32,29,18,16,0,32,0.6328,65536,16704,0.7451,61,125.8,TRUE,0.871428571
alexnet,__module.features.3/aten::_convolution/Convolution,3,108,32,32,32,29,17,16,0,32,0.6406,65536,15776,0.7593,60,71.2,TRUE,0.857142857
alexnet,__module.features.3/aten::_convolution/Convolution,3,109,32,32,32,30,18,18,0,32,0.5781,65536,19440,0.7034,64,47.1,TRUE,0.914285714
alexnet,__module.features.3/aten::_convolution/Convolution,3,110,32,32,32,30,18,18,0,32,0.5781,65536,19440,0.7034,64,54.3,TRUE,0.914285714
alexnet,__module.features.3/aten::_convolution/Convolution,3,111,32,32,32,30,22,18,0,32,0.543,65536,23760,0.6375,68,92,TRUE,0.971428571
alexnet,__module.features.3/aten::_convolution/Convolution,3,112,32,32,32,30,13,18,0,32,0.6221,65536,14040,0.7858,59,39,TRUE,0.842857143
alexnet,__module.features.3/aten::_convolution/Convolution,3,113,32,32,32,30,18,18,0,32,0.5781,65536,19440,0.7034,64,50.8,TRUE,0.914285714
alexnet,__module.features.3/aten::_convolution/Convolution,3,114,32,32,32,30,17,18,0,32,0.5869,65536,18360,0.7198,63,49.6,TRUE,0.9
alexnet,__module.features.3/aten::_convolution/Convolution,3,115,32,32,32,28,18,20,0,32,0.5508,65536,20160,0.6924,64,108.1,TRUE,0.914285714
alexnet,__module.features.3/aten::_convolution/Convolution,3,116,32,32,32,28,18,20,0,32,0.5508,65536,20160,0.6924,64,39.4,TRUE,0.914285714
alexnet,__module.features.3/aten::_convolution/Convolution,3,117,32,32,32,28,22,20,0,32,0.5117,65536,24640,0.624,68,48,TRUE,0.971428571
alexnet,__module.features.3/aten::_convolution/Convolution,3,118,32,32,32,28,13,20,0,32,0.5996,65536,14560,0.7778,59,128.8,TRUE,0.842857143
alexnet,__module.features.3/aten::_convolution/Convolution,3,119,32,32,32,28,18,20,0,32,0.5508,65536,20160,0.6924,64,49.4,TRUE,0.914285714
alexnet,__module.features.3/aten::_convolution/Convolution,3,120,32,32,32,28,17,20,0,32,0.5605,65536,19040,0.7095,63,45.3,TRUE,0.9
alexnet,__module.features.3/aten::_convolution/Convolution,3,121,32,32,32,30,18,22,0,32,0.4844,65536,23760,0.6375,68,46.8,TRUE,0.971428571
alexnet,__module.features.3/aten::_convolution/Convolution,3,122,32,32,32,30,18,22,0,32,0.4844,65536,23760,0.6375,68,98.9,TRUE,0.971428571
alexnet,__module.features.3/aten::_convolution/Convolution,3,123,32,32,32,30,22,22,0,32,0.4414,65536,29040,0.5569,72,90.9,TRUE,1.028571429
alexnet,__module.features.3/aten::_convolution/Convolution,3,124,32,32,32,30,13,22,0,32,0.5381,65536,17160,0.7382,63,48.1,TRUE,0.9
alexnet,__module.features.3/aten::_convolution/Convolution,3,125,32,32,32,30,18,22,0,32,0.4844,65536,23760,0.6375,68,60,TRUE,0.971428571
alexnet,__module.features.3/aten::_convolution/Convolution,3,126,32,32,32,30,17,22,0,32,0.4951,65536,22440,0.6576,67,52.7,TRUE,0.957142857
alexnet,__module.features.3/aten::_convolution/Convolution,3,127,32,32,32,29,18,26,0,32,0.4033,65536,27144,0.5858,71,47.5,TRUE,1.014285714
alexnet,__module.features.3/aten::_convolution/Convolution,3,128,32,32,32,29,18,26,0,32,0.4033,65536,27144,0.5858,71,127,TRUE,1.014285714
alexnet,__module.features.3/aten::_convolution/Convolution,3,129,32,32,32,29,22,26,0,32,0.3525,65536,33176,0.4938,75,58.1,TRUE,1.071428571
alexnet,__module.features.3/aten::_convolution/Convolution,3,130,32,32,32,29,13,26,0,32,0.4668,65536,19604,0.7009,66,89.2,TRUE,0.942857143
alexnet,__module.features.3/aten::_convolution/Convolution,3,131,32,32,32,29,18,26,0,32,0.4033,65536,27144,0.5858,71,40,TRUE,1.014285714
alexnet,__module.features.3/aten::_convolution/Convolution,3,132,32,32,32,29,17,26,0,32,0.416,65536,25636,0.6088,70,47.8,TRUE,1
alexnet,__module.features.3/aten::_convolution/Convolution,3,133,25,32,32,22,18,22,0,32,0.5175,51200,17424,0.6597,60,39.1,TRUE,0.857142857
alexnet,__module.features.3/aten::_convolution/Convolution,3,134,25,32,32,22,18,22,0,32,0.5175,51200,17424,0.6597,60,61,TRUE,0.857142857
alexnet,__module.features.3/aten::_convolution/Convolution,3,135,25,32,32,22,22,22,0,32,0.4693,51200,21296,0.5841,64,38.9,TRUE,0.914285714
alexnet,__module.features.3/aten::_convolution/Convolution,3,136,25,32,32,22,13,22,0,32,0.5779,51200,12584,0.7542,55,66.8,TRUE,0.785714286
alexnet,__module.features.3/aten::_convolution/Convolution,3,137,25,32,32,22,18,22,0,32,0.5175,51200,17424,0.6597,60,39.7,TRUE,0.857142857
alexnet,__module.features.3/aten::_convolution/Convolution,3,138,25,32,32,22,17,22,0,32,0.5296,51200,16456,0.6786,59,45,TRUE,0.842857143
alexnet,__module.features.0/aten::_convolution/Convolution,4,1,32,32,32,32,19,32,0,32,0.2031,65536,38912,0.4062,81,159.7,TRUE,1.157142857
alexnet,__module.features.0/aten::_convolution/Convolution,4,2,32,32,32,32,16,32,0,32,0.25,65536,32768,0.5,78,50.2,TRUE,1.114285714
alexnet,__module.features.0/aten::_convolution/Convolution,4,3,32,32,32,32,19,32,0,32,0.2031,65536,38912,0.4062,81,58.7,TRUE,1.157142857
alexnet,__module.features.0/aten::_convolution/Convolution,4,4,32,32,32,32,16,32,0,32,0.25,65536,32768,0.5,78,174,TRUE,1.114285714
alexnet,__module.features.0/aten::_convolution/Convolution,4,5,32,32,32,32,19,32,0,32,0.2031,65536,38912,0.4062,81,176,TRUE,1.157142857
alexnet,__module.features.0/aten::_convolution/Convolution,4,6,32,32,32,32,16,32,0,32,0.25,65536,32768,0.5,78,78.8,TRUE,1.114285714
alexnet,__module.features.0/aten::_convolution/Convolution,4,7,32,32,32,32,19,32,0,32,0.2031,65536,38912,0.4062,81,43.9,TRUE,1.157142857
alexnet,__module.features.0/aten::_convolution/Convolution,4,8,32,32,32,32,16,32,0,32,0.25,65536,32768,0.5,78,48.6,TRUE,1.114285714
alexnet,__module.features.0/aten::_convolution/Convolution,4,9,32,32,32,32,19,32,0,32,0.2031,65536,38912,0.4062,81,46.8,TRUE,1.157142857
alexnet,__module.features.0/aten::_convolution/Convolution,4,10,32,32,32,32,16,32,0,32,0.25,65536,32768,0.5,78,50,TRUE,1.114285714
alexnet,__module.features.0/aten::_convolution/Convolution,4,11,9,32,32,9,19,32,0,32,0.3171,18432,10944,0.4062,58,18.7,TRUE,0.828571429
alexnet,__module.features.0/aten::_convolution/Convolution,4,12,9,32,32,9,16,32,1,16,0.3902,18432,9216,0.5,55,58.5,FALSE,0.785714286
